<?xml version="1.0" encoding="UTF-8"?>

<!DOCTYPE mapper PUBLIC "-//mybatis.org//DTD Mapper 3.0//EN"
  "http://mybatis.org/dtd/mybatis-3-mapper.dtd"> <!-- 마이바티스 선언문 -->
  
<mapper namespace="com.spring.wefit.course.mapper.ICourseBoardMapper">

<sql id="category">
	<choose>	
		<when test = "category == ''">	  
		</when>		
		<otherwise>AND 
			<if test="category == 'swimming'">
			cbCategory = '수영'
			</if>
			<if test="category == 'badminton'">
			cbCategory = '배드민턴'
			</if>
			<if test="category == 'squash'">
			cbCategory = '스쿼시'
			</if>
			<if test="category == 'bicycle'">
			cbCategory = '자전거'
			</if>
			<if test="category == 'running'">
			cbCategory = '달리기'
			</if>
			<if test="category == 'hiking'">
			cbCategory = '등산'
			</if>
			<if test="category == 'training'">
			cbCategory = '홈트짐트'
			</if>
			<if test="category == 'pilates'">
			cbCategory = '필라테스'
			</if>
			<if test="category == 'golf'">
			cbCategory = '골프'
			</if>
			<if test="category == 'skate'">
			cbCategory = '스케이트'
			</if>
			<if test="category == 'etc'">
			cbCategory = '기타'
			</if>		
		</otherwise>	
	</choose>
</sql>

<sql id="search">
	<if test="condition == 'title'">
	cbTitle LIKE '%'||#{keyword}||'%'
	</if>
	<if test="condition == 'content'">
	cbContent LIKE '%'||#{keyword}||'%'
	</if>
	<if test="condition == 'titleContent'">
	(cbTitle LIKE '%'||#{keyword}||'%' 
	 OR cbContent LIKE '%'||#{keyword}||'%')
	</if>
</sql>

<sql id="sqlSearch">	
	<if test="condition != null and !condition.equals('')">
		<choose>		
			<when test = "category == ''">	  
			AND <include refid = "search" /> 
			</when>			
			<otherwise>		
			AND <include refid = "search" />
			</otherwise>
		</choose>
	</if>
</sql>

	<sql id="orderBy">
		<if test="order == 'date'">
			ORDER BY cbRegDate DESC
		</if>
		<if test="order == 'view'">
			ORDER BY cbLookCount DESC
		</if>
		<if test="order == 'reply'">
			ORDER BY crCount DESC
		</if>
		<if test="order == 'like'">
			ORDER BY cbLikeCount DESC
		</if>
		<if test="order == 'report'">
			ORDER BY cbReportCount DESC
		</if>
	</sql>


<insert id="regist">
   INSERT INTO CourseBoard (cbNum, memberNum, cbTitle, cbContent, cbYouCode, cbCategory)
   VALUES (courseBoard_seq.NEXTVAL, #{memberNum}, #{cbTitle}, #{cbContent}, #{cbYouCode}, #{cbCategory})
</insert>


<select id="getList" resultType="com.spring.wefit.command.CourseBoardVO">
   
   SELECT * FROM
   (
		SELECT ROWNUM as rn, tbl.*
		FROM
		   (																	  <!-- 댓글 개수 카운트 한걸 crCount로 명명하면.. 이 이름 똑같이 vo객체에서 변수선언하면 알아서 거기에 값이 들어감 -->
		   SELECT cb.*, (SELECT COUNT(*) FROM CourseReply WHERE cbNum = cb.cbNum) as crCount,
		   (SELECT COUNT(*) FROM CourseReport WHERE cbNum = cb.cbNum) as cbReportCount,
		   (SELECT COUNT(*) FROM CourseLikely WHERE cbNum = cb.cbNum) as cbLikeCount
		   FROM CourseBoard cb, Member m
		   WHERE cb.memberNum = m.memberNum
		   <include refid = "category" /> 
		   <include refid = "sqlSearch" /> 
		   <include refid="orderBy" />
		   ) tbl
	)
	<![CDATA[
	WHERE rn > (#{pageNum} - 1) * #{countPerPage}
	AND rn <= #{pageNum} * #{countPerPage}
	]]>
</select>

<select id="getTotal" resultType="int">
	SELECT COUNT(*) FROM CourseBoard cb, Member m
	WHERE cb.memberNum = m.memberNum
	<include refid = "category" />
	<include refid = "sqlSearch" /> 
</select>


<select id="getContent" resultType="com.spring.wefit.command.CourseBoardVO">
   SELECT cb.*, LENGTHB(cbTitle) cbTitleByte, LENGTHB(cbContent) cbContentByte, LENGTHB(cbYouCode) cbYouCodeByte 
   FROM CourseBoard cb
   WHERE cbNum=#{cbNum}
</select>


<update id="update">
   UPDATE CourseBoard
   SET cbCategory=#{cbCategory}, cbTitle=#{cbTitle}, cbContent=#{cbContent}, cbYouCode=#{cbYouCode}
   WHERE cbNum=#{cbNum}
</update>


<delete id="delete">
   DELETE FROM CourseBoard
   WHERE cbNum=#{cbNum}
</delete>


<update id="upHit">
   UPDATE CourseBoard
   SET cbLookCount = cbLookCount + 1
   WHERE cbNum=#{cbNum}
</update>


<update id="updateCrCount">
	UPDATE CourseBoard
	SET crCount = #{crCount}
	WHERE cbNum = #{cbNum}
</update>



<!-- 좋아요 처리 -->
<insert id="insertLike">
	INSERT INTO CourseLikely (cbNum, memberNum)
	VALUES(#{cbNum}, #{memberNum})
</insert>

<select id="checkLike" resultType="int">
	SELECT COUNT(*) FROM CourseLikely
	WHERE cbNum = #{cbNum}
	AND memberNum = #{memberNum}
</select>

<delete id="deleteLike">
   DELETE FROM CourseLikely
   WHERE cbNum = #{cbNum}
   AND memberNum = #{memberNum}
</delete>

<select id="countLike" resultType="int">
	SELECT COUNT(*) FROM CourseLikely
	WHERE cbNum = #{cbNum}
</select>




<!-- 신고 처리 -->
<insert id="insertReport">
	INSERT INTO CourseReport (cbNum, memberNum, cbReportChk1, cbReportChk2, cbReportChk3, cbReportChk4, cbReportChk5, cbReportInput)
	VALUES(#{cbNum}, #{memberNum}, #{cbReportChk1}, #{cbReportChk2}, #{cbReportChk3}, #{cbReportChk4}, #{cbReportChk5}, #{cbReportInput})
</insert>

<select id="checkReport" resultType="int">
	SELECT COUNT(*) FROM CourseReport
	WHERE cbNum = #{cbNum}
	AND memberNum = #{memberNum}
</select>

<delete id="reportReset">
	DELETE FROM CourseReport
	WHERE cbNum = #{cbNum}
</delete>
	

</mapper>